variant,metric,mean,low,high,n_seeds
Approval,mean_distance,0.33744182826419516,0.3341293483568075,0.34045371403886615,12
Approval,worst_group_distance,0.5516709718154359,0.5473606355951074,0.55572341563251,12
Borda,mean_distance,0.3131628550213112,0.31139961461729754,0.315026976496545,12
Borda,worst_group_distance,0.4073298066393292,0.4050669085923989,0.409492494303139,12
IRV,mean_distance,0.3380942921097864,0.33359980291589947,0.3423848251880644,12
IRV,worst_group_distance,0.5491834658100102,0.5438936281927133,0.5540985093556352,12
Liquid Approval / Nearby,mean_distance,0.33787419232628085,0.3345341961738486,0.3409795007164784,12
Liquid Approval / Nearby,worst_group_distance,0.5078274117803775,0.49162385700833305,0.5239816285099409,12
Liquid Approval / Popular,mean_distance,0.4172884428727628,0.4097168965501037,0.4254656355716547,12
Liquid Approval / Popular,worst_group_distance,0.5348473338873997,0.5179567559188573,0.5524433849790502,12
Liquid Approval / Random,mean_distance,0.34299820395831726,0.33399621791140327,0.35337876955614256,12
Liquid Approval / Random,worst_group_distance,0.45786669794505,0.4382868868784999,0.4795168397570424,12
Liquid Score / Nearby,mean_distance,0.3136441308387747,0.31184299806843313,0.31545827792386494,12
Liquid Score / Nearby,worst_group_distance,0.4081676503377838,0.40377630960754257,0.41326279996634335,12
Liquid Score / Popular,mean_distance,0.4156564675009223,0.40829333311401184,0.42320809925428066,12
Liquid Score / Popular,worst_group_distance,0.530706618018722,0.5149564331128879,0.546568350475816,12
Liquid Score / Random,mean_distance,0.3203604689231818,0.31904720999679836,0.3217777429398515,12
Liquid Score / Random,worst_group_distance,0.38126616213481546,0.37790169006821306,0.3847737679521358,12
Plurality,mean_distance,0.33743350475389766,0.3343680880505028,0.340520048721415,12
Plurality,worst_group_distance,0.5514431051707042,0.5473291277816308,0.5552409986889996,12
Runoff,mean_distance,0.3380634520997214,0.3338427746759704,0.3424982348406385,12
Runoff,worst_group_distance,0.548251849783871,0.5432388708471937,0.5535693729741447,12
Schulze,mean_distance,0.3156691424988389,0.313479572861181,0.3179482171516429,12
Schulze,worst_group_distance,0.4289791790137052,0.4142301467485773,0.44245879605236405,12
Score,mean_distance,0.3106878205845518,0.30898346744222444,0.3123360891888676,12
Score,worst_group_distance,0.4216701433829782,0.4167956687442323,0.4263960811670939,12
