system,mechanism,metric,mean,low,high,n_seeds
Approval,Nearby,distance_delta,0.0004323640620856908,-0.002060878529954885,0.003919359696377503,12
Approval,Nearby,worst_group_delta,-0.043843560035058404,-0.06040094701955811,-0.027102750682770863,12
Approval,Nearby,prefer_liquid,0.13383680555555555,0.08996506076388887,0.1740674913194444,12
Approval,Nearby,prefer_direct,0.1543576388888889,0.10055360243055556,0.20451822916666665,12
Approval,Nearby,indifferent,0.7118055555555555,0.625,0.8091145833333333,12
Approval,Nearby,largest_share,0.24109375000000002,0.23359071180555557,0.2480941840277778,12
Approval,Nearby,unrepresented_power,0.0,0.0,0.0,12
Approval,Popular,distance_delta,0.07984661460856757,0.07086644090810555,0.08904923009740234,12
Approval,Popular,worst_group_delta,-0.016823637928036265,-0.03386941692071125,0.00024518194736870364,12
Approval,Popular,prefer_liquid,0.3490625,0.32353971354166666,0.368958984375,12
Approval,Popular,prefer_direct,0.6301041666666666,0.6040839843749999,0.6496614583333332,12
Approval,Popular,indifferent,0.020833333333333332,0.0,0.0625,12
Approval,Popular,largest_share,0.7425,0.7424999999999998,0.7424999999999998,12
Approval,Popular,unrepresented_power,0.0,0.0,0.0,12
Approval,Random,distance_delta,0.005556375694122088,-0.004626303300185452,0.018108360510825875,12
Approval,Random,worst_group_delta,-0.09380427387038585,-0.1134731444200691,-0.07295668940334664,12
Approval,Random,prefer_liquid,0.2664583333333334,0.21230034722222216,0.31826692708333326,12
Approval,Random,prefer_direct,0.2925694444444445,0.24183333333333334,0.3415088975694445,12
Approval,Random,indifferent,0.44097222222222227,0.34375,0.53828125,12
Approval,Random,largest_share,0.14944444444444446,0.14800347222222224,0.15105902777777777,12
Approval,Random,unrepresented_power,0.0,0.0,0.0,12
Score,Nearby,distance_delta,0.0029563102542228647,0.0017005282021039438,0.004336631240558738,12
Score,Nearby,worst_group_delta,-0.013502493045194408,-0.0197615649458075,-0.007040464208186544,12
Score,Nearby,prefer_liquid,0.08176215277777779,0.054751953125,0.10792881944444443,12
Score,Nearby,prefer_direct,0.09184895833333334,0.05981922743055555,0.12578146701388887,12
Score,Nearby,indifferent,0.8263888888888888,0.767361111111111,0.8854166666666666,12
Score,Nearby,largest_share,0.24109375000000002,0.23314192708333334,0.248265625,12
Score,Nearby,unrepresented_power,0.0,0.0,0.0,12
Score,Popular,distance_delta,0.10496864691637046,0.09725976961998546,0.11305541960634687,12
Score,Popular,worst_group_delta,0.10903647463574366,0.095582722501347,0.12447631020047577,12
Score,Popular,prefer_liquid,0.2889583333333333,0.26160872395833334,0.31433007812499997,12
Score,Popular,prefer_direct,0.638125,0.615025390625,0.6602083333333332,12
Score,Popular,indifferent,0.07291666666666667,0.03125,0.11458333333333333,12
Score,Popular,largest_share,0.7425,0.7424999999999998,0.7424999999999998,12
Score,Popular,unrepresented_power,0.0,0.0,0.0,12
Score,Random,distance_delta,0.009672648338629993,0.008339489037201176,0.010984493819595018,12
Score,Random,worst_group_delta,-0.04040398124816275,-0.046227935577535975,-0.03437496601980458,12
Score,Random,prefer_liquid,0.12863715277777782,0.10896549479166667,0.14730490451388886,12
Score,Random,prefer_direct,0.15955729166666666,0.13885872395833332,0.17971375868055553,12
Score,Random,indifferent,0.7118055555555555,0.673611111111111,0.7500868055555556,12
Score,Random,largest_share,0.14944444444444446,0.14786414930555555,0.1510251736111111,12
Score,Random,unrepresented_power,0.0,0.0,0.0,12
